epoch,steps,cosine_pearson,cosine_spearman
2.242152466367713,500,0.9973875277921899,0.8656008387265466
